{
  "project_info": {
    "project_number": "6930222157",
    "firebase_url": "https://exer4arquelolashekinahma-98eae-default-rtdb.firebaseio.com",
    "project_id": "exer4arquelolashekinahma-98eae",
    "storage_bucket": "exer4arquelolashekinahma-98eae.appspot.com"
  },
  "client": [
    {
      "client_info": {
        "mobilesdk_app_id": "1:6930222157:android:faac8cfb711b308a912004",
        "android_client_info": {
          "package_name": "com.example.exer4arquelolashekinahmae"
        }
      },
      "oauth_client": [
        {
          "client_id": "6930222157-7tumt9itjadjesb6rfva90hmedk4prt6.apps.googleusercontent.com",
          "client_type": 3
        }
      ],
      "api_key": [
        {
          "current_key": "AIzaSyCDN0RdFKE_3iQZlBu1hpxmdp0ePbFVPnU"
        }
      ],
      "services": {
        "appinvite_service": {
          "other_platform_oauth_client": [
            {
              "client_id": "6930222157-7tumt9itjadjesb6rfva90hmedk4prt6.apps.googleusercontent.com",
              "client_type": 3
            }
          ]
        }
      }
    }
  ],
  "configuration_version": "1"
}