{
  "project_info": {
    "project_number": "828985806953",
    "project_id": "keoppidatabase",
    "storage_bucket": "keoppidatabase.appspot.com"
  },
  "client": [
    {
      "client_info": {
        "mobilesdk_app_id": "1:828985806953:android:897fd20f649e14b18012f8",
        "android_client_info": {
          "package_name": "com.example.exer5arquelolashekinahmaec"
        }
      },
      "oauth_client": [
        {
          "client_id": "828985806953-8sonci9hunfavdc4j7fun8llpsf1dsq7.apps.googleusercontent.com",
          "client_type": 3
        }
      ],
      "api_key": [
        {
          "current_key": "AIzaSyCZZ88B4Vt0L20qRtXGxM5ZZOU24JT1iWM"
        }
      ],
      "services": {
        "appinvite_service": {
          "other_platform_oauth_client": [
            {
              "client_id": "828985806953-8sonci9hunfavdc4j7fun8llpsf1dsq7.apps.googleusercontent.com",
              "client_type": 3
            }
          ]
        }
      }
    }
  ],
  "configuration_version": "1"
}